id,first_name,last_name,email,gender
1001,Alonso,Penlington,apenlington0@cam.ac.uk,Male
1002,Georas,Broadnicke,gbroadnicke1@fema.gov,Male
1003,Janie,Armit,jarmit2@blogtalkradio.com,Female
1004,Stevy,Fuidge,sfuidge3@unblog.fr,Male
1005,Fernande,Domenico,fdomenico4@soup.io,Female
1006,Land,Helix,lhelix5@hao123.com,Male
1007,Pierrette,Macoun,pmacoun6@facebook.com,Female
1008,Lynelle,Clutten,lclutten7@google.com,Agender
1009,Leoline,McGaughey,lmcgaughey8@desdev.cn,Female
1010,Marena,Cicutto,mcicutto9@oracle.com,Female
1011,Faustine,Boorman,fboormana@reddit.com,Female
1012,Mickie,Mattia,mmattiab@npr.org,Male
1013,Prent,Watman,pwatmanc@census.gov,Male
1014,Norina,Carbonell,ncarbonelld@google.nl,Female
1015,Delmer,Jodkowski,djodkowskie@wix.com,Male
1016,Kathlin,Sergant,ksergantf@hatena.ne.jp,Female
1017,Bettina,Gabey,bgabeyg@etsy.com,Female
1018,Rodd,Litster,rlitsterh@cornell.edu,Male
1019,Akim,Puve,apuvei@cdc.gov,Male
1020,Samara,Traill,straillj@dedecms.com,Female
1021,Adelina,Royste,aroystek@myspace.com,Female
1022,Inge,Cooch,icoochl@hatena.ne.jp,Female
1023,Anne-corinne,Draycott,adraycottm@nasa.gov,Female
1024,Serene,Berthod,sberthodn@cbslocal.com,Female
1025,Haily,Glenton,hglentono@bloglovin.com,Male
1026,Arley,Yewdell,ayewdellp@chronoengine.com,Male
1027,Enrique,Tatford,etatfordq@google.pl,Male
1028,Morten,Maymand,mmaymandr@smh.com.au,Male
1029,Sharyl,Mussett,smussetts@webs.com,Female
1030,Morlee,Lanston,mlanstont@furl.net,Male